report_id,data_riferimento,titolo_tabella,regione,2022,2023,2024,2025,totale,incidenza_pc,individui
1084101e-971e-435b-a26f-9b9d3f254786,2025-11-30,"Tabella 1.1 Programma GOL: prese in carico (totale e per anno) e individui raggiunti, ultima presa in carico per Regione, v.a. e val.%",Abruzzo,9600.0,25219.0,24096.0,19401.0,78316.0,24.8,70730.0
1084101e-971e-435b-a26f-9b9d3f254786,2025-11-30,"Tabella 1.1 Programma GOL: prese in carico (totale e per anno) e individui raggiunti, ultima presa in carico per Regione, v.a. e val.%",Basilicata,6368.0,12822.0,18726.0,17653.0,55569.0,31.8,46994.0
1084101e-971e-435b-a26f-9b9d3f254786,2025-11-30,"Tabella 1.1 Programma GOL: prese in carico (totale e per anno) e individui raggiunti, ultima presa in carico per Regione, v.a. e val.%",P.A. Bolzano,2420.0,5869.0,5602.0,4479.0,18370.0,24.4,16241.0
1084101e-971e-435b-a26f-9b9d3f254786,2025-11-30,"Tabella 1.1 Programma GOL: prese in carico (totale e per anno) e individui raggiunti, ultima presa in carico per Regione, v.a. e val.%",Calabria,28512.0,48868.0,63188.0,56175.0,196743.0,28.6,174974.0
1084101e-971e-435b-a26f-9b9d3f254786,2025-11-30,"Tabella 1.1 Programma GOL: prese in carico (totale e per anno) e individui raggiunti, ultima presa in carico per Regione, v.a. e val.%",Campania,91414.0,165426.0,207683.0,154771.0,619294.0,25.0,542557.0
1084101e-971e-435b-a26f-9b9d3f254786,2025-11-30,"Tabella 1.1 Programma GOL: prese in carico (totale e per anno) e individui raggiunti, ultima presa in carico per Regione, v.a. e val.%",Emilia-Romagna,44368.0,84016.0,89393.0,88411.0,306188.0,28.9,276849.0
1084101e-971e-435b-a26f-9b9d3f254786,2025-11-30,"Tabella 1.1 Programma GOL: prese in carico (totale e per anno) e individui raggiunti, ultima presa in carico per Regione, v.a. e val.%",Friuli-Venezia Giulia,21588.0,39286.0,37698.0,31351.0,129923.0,24.1,110024.0
1084101e-971e-435b-a26f-9b9d3f254786,2025-11-30,"Tabella 1.1 Programma GOL: prese in carico (totale e per anno) e individui raggiunti, ultima presa in carico per Regione, v.a. e val.%",Lazio,61594.0,78897.0,75283.0,82869.0,298643.0,27.7,280444.0
1084101e-971e-435b-a26f-9b9d3f254786,2025-11-30,"Tabella 1.1 Programma GOL: prese in carico (totale e per anno) e individui raggiunti, ultima presa in carico per Regione, v.a. e val.%",Liguria,11875.0,21278.0,24073.0,17835.0,75061.0,23.8,68763.0
1084101e-971e-435b-a26f-9b9d3f254786,2025-11-30,"Tabella 1.1 Programma GOL: prese in carico (totale e per anno) e individui raggiunti, ultima presa in carico per Regione, v.a. e val.%",Lombardia,77091.0,136981.0,164374.0,226280.0,604726.0,37.4,535803.0
1084101e-971e-435b-a26f-9b9d3f254786,2025-11-30,"Tabella 1.1 Programma GOL: prese in carico (totale e per anno) e individui raggiunti, ultima presa in carico per Regione, v.a. e val.%",Marche,18619.0,36317.0,39348.0,33163.0,127447.0,26.0,109505.0
1084101e-971e-435b-a26f-9b9d3f254786,2025-11-30,"Tabella 1.1 Programma GOL: prese in carico (totale e per anno) e individui raggiunti, ultima presa in carico per Regione, v.a. e val.%",Molise,1688.0,2644.0,4566.0,7357.0,16255.0,45.3,14608.0
1084101e-971e-435b-a26f-9b9d3f254786,2025-11-30,"Tabella 1.1 Programma GOL: prese in carico (totale e per anno) e individui raggiunti, ultima presa in carico per Regione, v.a. e val.%",Piemonte,46360.0,73518.0,80696.0,98714.0,299288.0,33.0,266958.0
1084101e-971e-435b-a26f-9b9d3f254786,2025-11-30,"Tabella 1.1 Programma GOL: prese in carico (totale e per anno) e individui raggiunti, ultima presa in carico per Regione, v.a. e val.%",Puglia,70951.0,102584.0,118517.0,128730.0,420782.0,30.6,391092.0
1084101e-971e-435b-a26f-9b9d3f254786,2025-11-30,"Tabella 1.1 Programma GOL: prese in carico (totale e per anno) e individui raggiunti, ultima presa in carico per Regione, v.a. e val.%",Sardegna,41878.0,58545.0,52665.0,49333.0,202421.0,24.4,173242.0
1084101e-971e-435b-a26f-9b9d3f254786,2025-11-30,"Tabella 1.1 Programma GOL: prese in carico (totale e per anno) e individui raggiunti, ultima presa in carico per Regione, v.a. e val.%",Sicilia,65269.0,165232.0,193864.0,204210.0,628575.0,32.5,548948.0
1084101e-971e-435b-a26f-9b9d3f254786,2025-11-30,"Tabella 1.1 Programma GOL: prese in carico (totale e per anno) e individui raggiunti, ultima presa in carico per Regione, v.a. e val.%",Toscana,45070.0,84823.0,103900.0,109029.0,342822.0,31.8,284736.0
1084101e-971e-435b-a26f-9b9d3f254786,2025-11-30,"Tabella 1.1 Programma GOL: prese in carico (totale e per anno) e individui raggiunti, ultima presa in carico per Regione, v.a. e val.%",P.A. Trento,4926.0,8162.0,8404.0,8657.0,30149.0,28.7,27707.0
1084101e-971e-435b-a26f-9b9d3f254786,2025-11-30,"Tabella 1.1 Programma GOL: prese in carico (totale e per anno) e individui raggiunti, ultima presa in carico per Regione, v.a. e val.%",Umbria,11078.0,20318.0,21248.0,21734.0,74378.0,29.2,64150.0
1084101e-971e-435b-a26f-9b9d3f254786,2025-11-30,"Tabella 1.1 Programma GOL: prese in carico (totale e per anno) e individui raggiunti, ultima presa in carico per Regione, v.a. e val.%",Valle d'Aosta,1313.0,1939.0,2060.0,2930.0,8242.0,35.5,7181.0
1084101e-971e-435b-a26f-9b9d3f254786,2025-11-30,"Tabella 1.1 Programma GOL: prese in carico (totale e per anno) e individui raggiunti, ultima presa in carico per Regione, v.a. e val.%",Veneto,40810.0,116572.0,111534.0,104383.0,373299.0,28.0,319714.0
1084101e-971e-435b-a26f-9b9d3f254786,2025-11-30,"Tabella 1.1 Programma GOL: prese in carico (totale e per anno) e individui raggiunti, ultima presa in carico per Regione, v.a. e val.%",Totale,702792.0,1289316.0,1446918.0,1467465.0,4906491.0,29.9,4331220.0
31f8384e-e7d5-4ba4-be33-1baa9460f1de,2025-10-31,"Tabella 1.1 Programma GOL: prese in carico (totale e per anno) e individui raggiunti, ultima presa in carico per Regione, v.a. e val.%",Abruzzo,9609.0,25223.0,24107.0,17517.0,76456.0,22.9,69284.0
31f8384e-e7d5-4ba4-be33-1baa9460f1de,2025-10-31,"Tabella 1.1 Programma GOL: prese in carico (totale e per anno) e individui raggiunti, ultima presa in carico per Regione, v.a. e val.%",Basilicata,6398.0,12866.0,18741.0,16084.0,54089.0,29.7,46133.0
31f8384e-e7d5-4ba4-be33-1baa9460f1de,2025-10-31,"Tabella 1.1 Programma GOL: prese in carico (totale e per anno) e individui raggiunti, ultima presa in carico per Regione, v.a. e val.%",P.A. Bolzano,2422.0,5871.0,5603.0,4107.0,18003.0,22.8,15980.0
31f8384e-e7d5-4ba4-be33-1baa9460f1de,2025-10-31,"Tabella 1.1 Programma GOL: prese in carico (totale e per anno) e individui raggiunti, ultima presa in carico per Regione, v.a. e val.%",Calabria,28565.0,48854.0,63234.0,50840.0,191493.0,26.5,171130.0
31f8384e-e7d5-4ba4-be33-1baa9460f1de,2025-10-31,"Tabella 1.1 Programma GOL: prese in carico (totale e per anno) e individui raggiunti, ultima presa in carico per Regione, v.a. e val.%",Campania,91706.0,166106.0,207936.0,134821.0,600569.0,22.4,529316.0
31f8384e-e7d5-4ba4-be33-1baa9460f1de,2025-10-31,"Tabella 1.1 Programma GOL: prese in carico (totale e per anno) e individui raggiunti, ultima presa in carico per Regione, v.a. e val.%",Emilia-Romagna,44377.0,84012.0,89383.0,78887.0,296659.0,26.6,269603.0
31f8384e-e7d5-4ba4-be33-1baa9460f1de,2025-10-31,"Tabella 1.1 Programma GOL: prese in carico (totale e per anno) e individui raggiunti, ultima presa in carico per Regione, v.a. e val.%",Friuli-Venezia Giulia,21632.0,39287.0,37703.0,28505.0,127127.0,22.4,108261.0
31f8384e-e7d5-4ba4-be33-1baa9460f1de,2025-10-31,"Tabella 1.1 Programma GOL: prese in carico (totale e per anno) e individui raggiunti, ultima presa in carico per Regione, v.a. e val.%",Lazio,61636.0,78929.0,75292.0,71088.0,286945.0,24.8,270347.0
31f8384e-e7d5-4ba4-be33-1baa9460f1de,2025-10-31,"Tabella 1.1 Programma GOL: prese in carico (totale e per anno) e individui raggiunti, ultima presa in carico per Regione, v.a. e val.%",Liguria,11844.0,21184.0,23944.0,15941.0,72913.0,21.9,66992.0
31f8384e-e7d5-4ba4-be33-1baa9460f1de,2025-10-31,"Tabella 1.1 Programma GOL: prese in carico (totale e per anno) e individui raggiunti, ultima presa in carico per Regione, v.a. e val.%",Lombardia,77288.0,137162.0,164530.0,204220.0,583200.0,35.0,519890.0
31f8384e-e7d5-4ba4-be33-1baa9460f1de,2025-10-31,"Tabella 1.1 Programma GOL: prese in carico (totale e per anno) e individui raggiunti, ultima presa in carico per Regione, v.a. e val.%",Marche,18534.0,36185.0,39198.0,29195.0,123112.0,23.7,106638.0
31f8384e-e7d5-4ba4-be33-1baa9460f1de,2025-10-31,"Tabella 1.1 Programma GOL: prese in carico (totale e per anno) e individui raggiunti, ultima presa in carico per Regione, v.a. e val.%",Molise,1690.0,2647.0,4571.0,6482.0,15390.0,42.1,13896.0
31f8384e-e7d5-4ba4-be33-1baa9460f1de,2025-10-31,"Tabella 1.1 Programma GOL: prese in carico (totale e per anno) e individui raggiunti, ultima presa in carico per Regione, v.a. e val.%",Piemonte,46443.0,73547.0,80725.0,88120.0,288835.0,30.5,258697.0
31f8384e-e7d5-4ba4-be33-1baa9460f1de,2025-10-31,"Tabella 1.1 Programma GOL: prese in carico (totale e per anno) e individui raggiunti, ultima presa in carico per Regione, v.a. e val.%",Puglia,70880.0,102505.0,118448.0,114994.0,406827.0,28.3,379687.0
31f8384e-e7d5-4ba4-be33-1baa9460f1de,2025-10-31,"Tabella 1.1 Programma GOL: prese in carico (totale e per anno) e individui raggiunti, ultima presa in carico per Regione, v.a. e val.%",Sardegna,41976.0,58756.0,52862.0,41645.0,195239.0,21.3,168953.0
31f8384e-e7d5-4ba4-be33-1baa9460f1de,2025-10-31,"Tabella 1.1 Programma GOL: prese in carico (totale e per anno) e individui raggiunti, ultima presa in carico per Regione, v.a. e val.%",Sicilia,65405.0,165585.0,194020.0,178649.0,603659.0,29.6,532644.0
31f8384e-e7d5-4ba4-be33-1baa9460f1de,2025-10-31,"Tabella 1.1 Programma GOL: prese in carico (totale e per anno) e individui raggiunti, ultima presa in carico per Regione, v.a. e val.%",Toscana,45120.0,84789.0,103476.0,96952.0,330337.0,29.3,277036.0
31f8384e-e7d5-4ba4-be33-1baa9460f1de,2025-10-31,"Tabella 1.1 Programma GOL: prese in carico (totale e per anno) e individui raggiunti, ultima presa in carico per Regione, v.a. e val.%",P.A. Trento,4919.0,8100.0,8232.0,7686.0,28937.0,26.6,26984.0
31f8384e-e7d5-4ba4-be33-1baa9460f1de,2025-10-31,"Tabella 1.1 Programma GOL: prese in carico (totale e per anno) e individui raggiunti, ultima presa in carico per Regione, v.a. e val.%",Umbria,11099.0,20343.0,21296.0,19081.0,71819.0,26.6,62308.0
31f8384e-e7d5-4ba4-be33-1baa9460f1de,2025-10-31,"Tabella 1.1 Programma GOL: prese in carico (totale e per anno) e individui raggiunti, ultima presa in carico per Regione, v.a. e val.%",Valle d'Aosta,1313.0,1935.0,2058.0,2592.0,7898.0,32.8,6904.0
31f8384e-e7d5-4ba4-be33-1baa9460f1de,2025-10-31,"Tabella 1.1 Programma GOL: prese in carico (totale e per anno) e individui raggiunti, ultima presa in carico per Regione, v.a. e val.%",Veneto,40825.0,116595.0,111558.0,94802.0,363780.0,26.1,312907.0
31f8384e-e7d5-4ba4-be33-1baa9460f1de,2025-10-31,"Tabella 1.1 Programma GOL: prese in carico (totale e per anno) e individui raggiunti, ultima presa in carico per Regione, v.a. e val.%",Totale,703681.0,1290481.0,1446917.0,1302208.0,4743287.0,27.5,4213590.0
58a33ad6-02cf-4c97-8e53-1c3e55adb90a,2025-08-31,"Tabella 1.1 Programma GOL: prese in carico (totale e per anno) e individui raggiunti, ultima presa in carico per Regione, v.a. e val.%",Abruzzo,9642.0,25228.0,24148.0,13921.0,72939.0,19.1,66528.0
58a33ad6-02cf-4c97-8e53-1c3e55adb90a,2025-08-31,"Tabella 1.1 Programma GOL: prese in carico (totale e per anno) e individui raggiunti, ultima presa in carico per Regione, v.a. e val.%",Basilicata,6460.0,12979.0,18749.0,13020.0,51208.0,25.4,44085.0
58a33ad6-02cf-4c97-8e53-1c3e55adb90a,2025-08-31,"Tabella 1.1 Programma GOL: prese in carico (totale e per anno) e individui raggiunti, ultima presa in carico per Regione, v.a. e val.%",P.A. Bolzano,2425.0,5875.0,5611.0,3217.0,17128.0,18.8,15301.0
58a33ad6-02cf-4c97-8e53-1c3e55adb90a,2025-08-31,"Tabella 1.1 Programma GOL: prese in carico (totale e per anno) e individui raggiunti, ultima presa in carico per Regione, v.a. e val.%",Calabria,28287.0,48864.0,63337.0,40026.0,180514.0,22.2,163148.0
58a33ad6-02cf-4c97-8e53-1c3e55adb90a,2025-08-31,"Tabella 1.1 Programma GOL: prese in carico (totale e per anno) e individui raggiunti, ultima presa in carico per Regione, v.a. e val.%",Campania,92156.0,166448.0,208216.0,99223.0,566043.0,17.5,502543.0
58a33ad6-02cf-4c97-8e53-1c3e55adb90a,2025-08-31,"Tabella 1.1 Programma GOL: prese in carico (totale e per anno) e individui raggiunti, ultima presa in carico per Regione, v.a. e val.%",Emilia-Romagna,44370.0,83986.0,89354.0,62848.0,280558.0,22.4,257367.0
58a33ad6-02cf-4c97-8e53-1c3e55adb90a,2025-08-31,"Tabella 1.1 Programma GOL: prese in carico (totale e per anno) e individui raggiunti, ultima presa in carico per Regione, v.a. e val.%",Friuli-Venezia Giulia,21694.0,39330.0,37706.0,22033.0,120763.0,18.2,103314.0
58a33ad6-02cf-4c97-8e53-1c3e55adb90a,2025-08-31,"Tabella 1.1 Programma GOL: prese in carico (totale e per anno) e individui raggiunti, ultima presa in carico per Regione, v.a. e val.%",Lazio,61715.0,79036.0,75317.0,49664.0,265732.0,18.7,251843.0
58a33ad6-02cf-4c97-8e53-1c3e55adb90a,2025-08-31,"Tabella 1.1 Programma GOL: prese in carico (totale e per anno) e individui raggiunti, ultima presa in carico per Regione, v.a. e val.%",Liguria,11842.0,21190.0,23800.0,12297.0,69129.0,17.8,63859.0
58a33ad6-02cf-4c97-8e53-1c3e55adb90a,2025-08-31,"Tabella 1.1 Programma GOL: prese in carico (totale e per anno) e individui raggiunti, ultima presa in carico per Regione, v.a. e val.%",Lombardia,77651.0,137636.0,164866.0,152205.0,532358.0,28.6,479047.0
58a33ad6-02cf-4c97-8e53-1c3e55adb90a,2025-08-31,"Tabella 1.1 Programma GOL: prese in carico (totale e per anno) e individui raggiunti, ultima presa in carico per Regione, v.a. e val.%",Marche,18590.0,36332.0,39308.0,21563.0,115793.0,18.6,101537.0
58a33ad6-02cf-4c97-8e53-1c3e55adb90a,2025-08-31,"Tabella 1.1 Programma GOL: prese in carico (totale e per anno) e individui raggiunti, ultima presa in carico per Regione, v.a. e val.%",Molise,1703.0,2660.0,4574.0,5327.0,14264.0,37.3,12973.0
58a33ad6-02cf-4c97-8e53-1c3e55adb90a,2025-08-31,"Tabella 1.1 Programma GOL: prese in carico (totale e per anno) e individui raggiunti, ultima presa in carico per Regione, v.a. e val.%",Piemonte,46640.0,73628.0,80775.0,68710.0,269753.0,25.5,243420.0
58a33ad6-02cf-4c97-8e53-1c3e55adb90a,2025-08-31,"Tabella 1.1 Programma GOL: prese in carico (totale e per anno) e individui raggiunti, ultima presa in carico per Regione, v.a. e val.%",Puglia,71121.0,102737.0,118416.0,86415.0,378689.0,22.8,355411.0
58a33ad6-02cf-4c97-8e53-1c3e55adb90a,2025-08-31,"Tabella 1.1 Programma GOL: prese in carico (totale e per anno) e individui raggiunti, ultima presa in carico per Regione, v.a. e val.%",Sardegna,40113.0,58428.0,53115.0,31307.0,182963.0,17.1,161429.0
58a33ad6-02cf-4c97-8e53-1c3e55adb90a,2025-08-31,"Tabella 1.1 Programma GOL: prese in carico (totale e per anno) e individui raggiunti, ultima presa in carico per Regione, v.a. e val.%",Sicilia,65814.0,167467.0,194251.0,133307.0,560839.0,23.8,501010.0
58a33ad6-02cf-4c97-8e53-1c3e55adb90a,2025-08-31,"Tabella 1.1 Programma GOL: prese in carico (totale e per anno) e individui raggiunti, ultima presa in carico per Regione, v.a. e val.%",Toscana,45156.0,84710.0,103313.0,75041.0,308220.0,24.3,261538.0
58a33ad6-02cf-4c97-8e53-1c3e55adb90a,2025-08-31,"Tabella 1.1 Programma GOL: prese in carico (totale e per anno) e individui raggiunti, ultima presa in carico per Regione, v.a. e val.%",P.A. Trento,4890.0,8030.0,8091.0,5688.0,26699.0,21.3,25371.0
58a33ad6-02cf-4c97-8e53-1c3e55adb90a,2025-08-31,"Tabella 1.1 Programma GOL: prese in carico (totale e per anno) e individui raggiunti, ultima presa in carico per Regione, v.a. e val.%",Umbria,11067.0,20333.0,21346.0,14004.0,66750.0,21.0,58465.0
58a33ad6-02cf-4c97-8e53-1c3e55adb90a,2025-08-31,"Tabella 1.1 Programma GOL: prese in carico (totale e per anno) e individui raggiunti, ultima presa in carico per Regione, v.a. e val.%",Valle d'Aosta,1297.0,1925.0,2058.0,1890.0,7170.0,26.4,6327.0
58a33ad6-02cf-4c97-8e53-1c3e55adb90a,2025-08-31,"Tabella 1.1 Programma GOL: prese in carico (totale e per anno) e individui raggiunti, ultima presa in carico per Regione, v.a. e val.%",Veneto,40712.0,116535.0,111637.0,68042.0,336926.0,20.2,291815.0
58a33ad6-02cf-4c97-8e53-1c3e55adb90a,2025-08-31,"Tabella 1.1 Programma GOL: prese in carico (totale e per anno) e individui raggiunti, ultima presa in carico per Regione, v.a. e val.%",Totale,703345.0,1293357.0,1447988.0,979748.0,4424438.0,22.1,3966331.0
5d6da0bd-80a0-4975-9889-804aa1247361,2025-06-30,"Tabella 1.1 Programma GOL: prese in carico (totale e per anno) e individui raggiunti, ultima presa in carico per Regione, v.a. e val.%",Abruzzo,9651.0,25222.0,24189.0,11251.0,70313.0,16.0,64468.0
5d6da0bd-80a0-4975-9889-804aa1247361,2025-06-30,"Tabella 1.1 Programma GOL: prese in carico (totale e per anno) e individui raggiunti, ultima presa in carico per Regione, v.a. e val.%",Basilicata,6488.0,13007.0,18756.0,8703.0,46954.0,18.5,40704.0
5d6da0bd-80a0-4975-9889-804aa1247361,2025-06-30,"Tabella 1.1 Programma GOL: prese in carico (totale e per anno) e individui raggiunti, ultima presa in carico per Regione, v.a. e val.%",P.A. Bolzano,2426.0,5876.0,5609.0,2563.0,16474.0,15.6,14769.0
5d6da0bd-80a0-4975-9889-804aa1247361,2025-06-30,"Tabella 1.1 Programma GOL: prese in carico (totale e per anno) e individui raggiunti, ultima presa in carico per Regione, v.a. e val.%",Calabria,28313.0,49022.0,63407.0,30351.0,171093.0,17.7,155877.0
5d6da0bd-80a0-4975-9889-804aa1247361,2025-06-30,"Tabella 1.1 Programma GOL: prese in carico (totale e per anno) e individui raggiunti, ultima presa in carico per Regione, v.a. e val.%",Campania,92242.0,166654.0,208326.0,75550.0,542772.0,13.9,485198.0
5d6da0bd-80a0-4975-9889-804aa1247361,2025-06-30,"Tabella 1.1 Programma GOL: prese in carico (totale e per anno) e individui raggiunti, ultima presa in carico per Regione, v.a. e val.%",Emilia-Romagna,44351.0,83889.0,89275.0,50693.0,268208.0,18.9,247688.0
5d6da0bd-80a0-4975-9889-804aa1247361,2025-06-30,"Tabella 1.1 Programma GOL: prese in carico (totale e per anno) e individui raggiunti, ultima presa in carico per Regione, v.a. e val.%",Friuli-Venezia Giulia,21712.0,39371.0,37727.0,15775.0,114585.0,13.8,99291.0
5d6da0bd-80a0-4975-9889-804aa1247361,2025-06-30,"Tabella 1.1 Programma GOL: prese in carico (totale e per anno) e individui raggiunti, ultima presa in carico per Regione, v.a. e val.%",Lazio,61755.0,79117.0,75319.0,34799.0,250990.0,13.9,239750.0
5d6da0bd-80a0-4975-9889-804aa1247361,2025-06-30,"Tabella 1.1 Programma GOL: prese in carico (totale e per anno) e individui raggiunti, ultima presa in carico per Regione, v.a. e val.%",Liguria,11846.0,21175.0,23636.0,9540.0,66197.0,14.4,61469.0
5d6da0bd-80a0-4975-9889-804aa1247361,2025-06-30,"Tabella 1.1 Programma GOL: prese in carico (totale e per anno) e individui raggiunti, ultima presa in carico per Regione, v.a. e val.%",Lombardia,77808.0,137806.0,165048.0,94294.0,474956.0,19.9,429881.0
5d6da0bd-80a0-4975-9889-804aa1247361,2025-06-30,"Tabella 1.1 Programma GOL: prese in carico (totale e per anno) e individui raggiunti, ultima presa in carico per Regione, v.a. e val.%",Marche,18614.0,36373.0,39355.0,16522.0,110864.0,14.9,97945.0
5d6da0bd-80a0-4975-9889-804aa1247361,2025-06-30,"Tabella 1.1 Programma GOL: prese in carico (totale e per anno) e individui raggiunti, ultima presa in carico per Regione, v.a. e val.%",Molise,1706.0,2661.0,4575.0,3833.0,12775.0,30.0,11707.0
5d6da0bd-80a0-4975-9889-804aa1247361,2025-06-30,"Tabella 1.1 Programma GOL: prese in carico (totale e per anno) e individui raggiunti, ultima presa in carico per Regione, v.a. e val.%",Piemonte,46728.0,73679.0,80798.0,53473.0,254678.0,21.0,231093.0
5d6da0bd-80a0-4975-9889-804aa1247361,2025-06-30,"Tabella 1.1 Programma GOL: prese in carico (totale e per anno) e individui raggiunti, ultima presa in carico per Regione, v.a. e val.%",Puglia,71239.0,102824.0,118272.0,59505.0,351840.0,16.9,332662.0
5d6da0bd-80a0-4975-9889-804aa1247361,2025-06-30,"Tabella 1.1 Programma GOL: prese in carico (totale e per anno) e individui raggiunti, ultima presa in carico per Regione, v.a. e val.%",Sardegna,40239.0,58562.0,53228.0,21707.0,173736.0,12.5,153894.0
5d6da0bd-80a0-4975-9889-804aa1247361,2025-06-30,"Tabella 1.1 Programma GOL: prese in carico (totale e per anno) e individui raggiunti, ultima presa in carico per Regione, v.a. e val.%",Sicilia,66021.0,168168.0,194357.0,83465.0,512011.0,16.3,467620.0
5d6da0bd-80a0-4975-9889-804aa1247361,2025-06-30,"Tabella 1.1 Programma GOL: prese in carico (totale e per anno) e individui raggiunti, ultima presa in carico per Regione, v.a. e val.%",Toscana,45283.0,84816.0,103419.0,53196.0,286714.0,18.6,244876.0
5d6da0bd-80a0-4975-9889-804aa1247361,2025-06-30,"Tabella 1.1 Programma GOL: prese in carico (totale e per anno) e individui raggiunti, ultima presa in carico per Regione, v.a. e val.%",P.A. Trento,4889.0,8030.0,8073.0,4440.0,25432.0,17.5,24369.0
5d6da0bd-80a0-4975-9889-804aa1247361,2025-06-30,"Tabella 1.1 Programma GOL: prese in carico (totale e per anno) e individui raggiunti, ultima presa in carico per Regione, v.a. e val.%",Umbria,11109.0,20360.0,21366.0,10578.0,63413.0,16.7,56053.0
5d6da0bd-80a0-4975-9889-804aa1247361,2025-06-30,"Tabella 1.1 Programma GOL: prese in carico (totale e per anno) e individui raggiunti, ultima presa in carico per Regione, v.a. e val.%",Valle d'Aosta,1293.0,1923.0,2058.0,1447.0,6721.0,21.5,5970.0
5d6da0bd-80a0-4975-9889-804aa1247361,2025-06-30,"Tabella 1.1 Programma GOL: prese in carico (totale e per anno) e individui raggiunti, ultima presa in carico per Regione, v.a. e val.%",Veneto,40726.0,116590.0,111670.0,53015.0,322001.0,16.5,280561.0
5d6da0bd-80a0-4975-9889-804aa1247361,2025-06-30,"Tabella 1.1 Programma GOL: prese in carico (totale e per anno) e individui raggiunti, ultima presa in carico per Regione, v.a. e val.%",Totale,704439.0,1295125.0,1448463.0,694700.0,4142727.0,16.8,3745845.0
63efe9d3-83f6-4d59-b38e-2338f16680b4,2025-03-31,"Tabella 1.1 Programma GOL: prese in carico (totale e per anno) e individui raggiunti per Regione, v.a. e val.%",Abruzzo,9674.0,25244.0,24205.0,6687.0,65810.0,10.2,60700.0
63efe9d3-83f6-4d59-b38e-2338f16680b4,2025-03-31,"Tabella 1.1 Programma GOL: prese in carico (totale e per anno) e individui raggiunti per Regione, v.a. e val.%",Basilicata,6548.0,13055.0,18782.0,5221.0,43606.0,12.0,38106.0
63efe9d3-83f6-4d59-b38e-2338f16680b4,2025-03-31,"Tabella 1.1 Programma GOL: prese in carico (totale e per anno) e individui raggiunti per Regione, v.a. e val.%",P.A. Bolzano,2427.0,5888.0,5616.0,1388.0,15319.0,9.1,13855.0
63efe9d3-83f6-4d59-b38e-2338f16680b4,2025-03-31,"Tabella 1.1 Programma GOL: prese in carico (totale e per anno) e individui raggiunti per Regione, v.a. e val.%",Calabria,28364.0,49134.0,63623.0,16730.0,157851.0,10.6,144448.0
63efe9d3-83f6-4d59-b38e-2338f16680b4,2025-03-31,"Tabella 1.1 Programma GOL: prese in carico (totale e per anno) e individui raggiunti per Regione, v.a. e val.%",Campania,92935.0,167338.0,208484.0,40688.0,509445.0,8.0,457972.0
63efe9d3-83f6-4d59-b38e-2338f16680b4,2025-03-31,"Tabella 1.1 Programma GOL: prese in carico (totale e per anno) e individui raggiunti per Regione, v.a. e val.%",Emilia-Romagna,44379.0,83912.0,89281.0,27979.0,245551.0,11.4,229902.0
63efe9d3-83f6-4d59-b38e-2338f16680b4,2025-03-31,"Tabella 1.1 Programma GOL: prese in carico (totale e per anno) e individui raggiunti per Regione, v.a. e val.%",Friuli-Venezia Giulia,21721.0,39368.0,37736.0,9090.0,107915.0,8.4,94093.0
63efe9d3-83f6-4d59-b38e-2338f16680b4,2025-03-31,"Tabella 1.1 Programma GOL: prese in carico (totale e per anno) e individui raggiunti per Regione, v.a. e val.%",Lazio,61812.0,79147.0,75325.0,18457.0,234741.0,7.9,225516.0
63efe9d3-83f6-4d59-b38e-2338f16680b4,2025-03-31,"Tabella 1.1 Programma GOL: prese in carico (totale e per anno) e individui raggiunti per Regione, v.a. e val.%",Liguria,11835.0,21164.0,23095.0,4943.0,61037.0,8.1,56990.0
63efe9d3-83f6-4d59-b38e-2338f16680b4,2025-03-31,"Tabella 1.1 Programma GOL: prese in carico (totale e per anno) e individui raggiunti per Regione, v.a. e val.%",Lombardia,77970.0,137986.0,165158.0,48107.0,429221.0,11.2,392313.0
63efe9d3-83f6-4d59-b38e-2338f16680b4,2025-03-31,"Tabella 1.1 Programma GOL: prese in carico (totale e per anno) e individui raggiunti per Regione, v.a. e val.%",Marche,18549.0,36328.0,39340.0,9410.0,103627.0,9.1,92793.0
63efe9d3-83f6-4d59-b38e-2338f16680b4,2025-03-31,"Tabella 1.1 Programma GOL: prese in carico (totale e per anno) e individui raggiunti per Regione, v.a. e val.%",Molise,1710.0,2669.0,4581.0,2069.0,11029.0,18.8,10255.0
63efe9d3-83f6-4d59-b38e-2338f16680b4,2025-03-31,"Tabella 1.1 Programma GOL: prese in carico (totale e per anno) e individui raggiunti per Regione, v.a. e val.%",Piemonte,46867.0,73723.0,80817.0,28110.0,229517.0,12.2,210599.0
63efe9d3-83f6-4d59-b38e-2338f16680b4,2025-03-31,"Tabella 1.1 Programma GOL: prese in carico (totale e per anno) e individui raggiunti per Regione, v.a. e val.%",Puglia,71544.0,103066.0,118036.0,31697.0,324343.0,9.8,307146.0
63efe9d3-83f6-4d59-b38e-2338f16680b4,2025-03-31,"Tabella 1.1 Programma GOL: prese in carico (totale e per anno) e individui raggiunti per Regione, v.a. e val.%",Sardegna,39109.0,59153.0,54173.0,12301.0,164736.0,7.5,146388.0
63efe9d3-83f6-4d59-b38e-2338f16680b4,2025-03-31,"Tabella 1.1 Programma GOL: prese in carico (totale e per anno) e individui raggiunti per Regione, v.a. e val.%",Sicilia,66810.0,168983.0,194407.0,43505.0,473705.0,9.2,437231.0
63efe9d3-83f6-4d59-b38e-2338f16680b4,2025-03-31,"Tabella 1.1 Programma GOL: prese in carico (totale e per anno) e individui raggiunti per Regione, v.a. e val.%",Toscana,45421.0,84991.0,103592.0,30927.0,264931.0,11.7,228505.0
63efe9d3-83f6-4d59-b38e-2338f16680b4,2025-03-31,"Tabella 1.1 Programma GOL: prese in carico (totale e per anno) e individui raggiunti per Regione, v.a. e val.%",P.A. Trento,4944.0,8040.0,8028.0,2365.0,23377.0,10.1,22709.0
63efe9d3-83f6-4d59-b38e-2338f16680b4,2025-03-31,"Tabella 1.1 Programma GOL: prese in carico (totale e per anno) e individui raggiunti per Regione, v.a. e val.%",Umbria,11228.0,20422.0,21393.0,5963.0,59006.0,10.1,52509.0
63efe9d3-83f6-4d59-b38e-2338f16680b4,2025-03-31,"Tabella 1.1 Programma GOL: prese in carico (totale e per anno) e individui raggiunti per Regione, v.a. e val.%",Valle d'Aosta,1296.0,1927.0,2057.0,737.0,6017.0,12.2,5422.0
63efe9d3-83f6-4d59-b38e-2338f16680b4,2025-03-31,"Tabella 1.1 Programma GOL: prese in carico (totale e per anno) e individui raggiunti per Regione, v.a. e val.%",Veneto,40624.0,116020.0,110478.0,28879.0,296001.0,9.8,261195.0
63efe9d3-83f6-4d59-b38e-2338f16680b4,2025-03-31,"Tabella 1.1 Programma GOL: prese in carico (totale e per anno) e individui raggiunti per Regione, v.a. e val.%",Totale,705767.0,1297558.0,1448207.0,375253.0,3826785.0,9.8,3488647.0
67df9fe1-5aad-4110-90ac-40a350e0d700,2025-09-30,"Tabella 1.1 Programma GOL: prese in carico (totale e per anno) e individui raggiunti, ultima presa in carico per Regione, v.a. e val.%",Abruzzo,9628.0,25213.0,24115.0,15568.0,74524.0,20.9,67825.0
67df9fe1-5aad-4110-90ac-40a350e0d700,2025-09-30,"Tabella 1.1 Programma GOL: prese in carico (totale e per anno) e individui raggiunti, ultima presa in carico per Regione, v.a. e val.%",Basilicata,6428.0,12917.0,18740.0,14311.0,52396.0,27.3,44985.0
67df9fe1-5aad-4110-90ac-40a350e0d700,2025-09-30,"Tabella 1.1 Programma GOL: prese in carico (totale e per anno) e individui raggiunti, ultima presa in carico per Regione, v.a. e val.%",P.A. Bolzano,2423.0,5874.0,5607.0,3649.0,17553.0,20.8,15637.0
67df9fe1-5aad-4110-90ac-40a350e0d700,2025-09-30,"Tabella 1.1 Programma GOL: prese in carico (totale e per anno) e individui raggiunti, ultima presa in carico per Regione, v.a. e val.%",Calabria,28182.0,48688.0,63267.0,44314.0,184451.0,24.0,166364.0
67df9fe1-5aad-4110-90ac-40a350e0d700,2025-09-30,"Tabella 1.1 Programma GOL: prese in carico (totale e per anno) e individui raggiunti, ultima presa in carico per Regione, v.a. e val.%",Campania,91888.0,166285.0,208011.0,114621.0,580805.0,19.7,514158.0
67df9fe1-5aad-4110-90ac-40a350e0d700,2025-09-30,"Tabella 1.1 Programma GOL: prese in carico (totale e per anno) e individui raggiunti, ultima presa in carico per Regione, v.a. e val.%",Emilia-Romagna,44389.0,84011.0,89367.0,69669.0,287436.0,24.2,262693.0
67df9fe1-5aad-4110-90ac-40a350e0d700,2025-09-30,"Tabella 1.1 Programma GOL: prese in carico (totale e per anno) e individui raggiunti, ultima presa in carico per Regione, v.a. e val.%",Friuli-Venezia Giulia,21681.0,39322.0,37706.0,25552.0,124261.0,20.6,106216.0
67df9fe1-5aad-4110-90ac-40a350e0d700,2025-09-30,"Tabella 1.1 Programma GOL: prese in carico (totale e per anno) e individui raggiunti, ultima presa in carico per Regione, v.a. e val.%",Lazio,61665.0,78946.0,75306.0,59054.0,274971.0,21.5,260015.0
67df9fe1-5aad-4110-90ac-40a350e0d700,2025-09-30,"Tabella 1.1 Programma GOL: prese in carico (totale e per anno) e individui raggiunti, ultima presa in carico per Regione, v.a. e val.%",Liguria,11838.0,21182.0,23904.0,14186.0,71110.0,19.9,65533.0
67df9fe1-5aad-4110-90ac-40a350e0d700,2025-09-30,"Tabella 1.1 Programma GOL: prese in carico (totale e per anno) e individui raggiunti, ultima presa in carico per Regione, v.a. e val.%",Lombardia,77428.0,137350.0,164695.0,179385.0,558858.0,32.1,501281.0
67df9fe1-5aad-4110-90ac-40a350e0d700,2025-09-30,"Tabella 1.1 Programma GOL: prese in carico (totale e per anno) e individui raggiunti, ultima presa in carico per Regione, v.a. e val.%",Marche,18559.0,36225.0,39253.0,24968.0,119005.0,21.0,103865.0
67df9fe1-5aad-4110-90ac-40a350e0d700,2025-09-30,"Tabella 1.1 Programma GOL: prese in carico (totale e per anno) e individui raggiunti, ultima presa in carico per Regione, v.a. e val.%",Molise,1700.0,2652.0,4570.0,5866.0,14788.0,39.7,13411.0
67df9fe1-5aad-4110-90ac-40a350e0d700,2025-09-30,"Tabella 1.1 Programma GOL: prese in carico (totale e per anno) e individui raggiunti, ultima presa in carico per Regione, v.a. e val.%",Piemonte,46550.0,73583.0,80764.0,77696.0,278593.0,27.9,250576.0
67df9fe1-5aad-4110-90ac-40a350e0d700,2025-09-30,"Tabella 1.1 Programma GOL: prese in carico (totale e per anno) e individui raggiunti, ultima presa in carico per Regione, v.a. e val.%",Puglia,70963.0,102581.0,118463.0,100555.0,392562.0,25.6,367197.0
67df9fe1-5aad-4110-90ac-40a350e0d700,2025-09-30,"Tabella 1.1 Programma GOL: prese in carico (totale e per anno) e individui raggiunti, ultima presa in carico per Regione, v.a. e val.%",Sardegna,40027.0,58349.0,53004.0,35789.0,187169.0,19.1,164869.0
67df9fe1-5aad-4110-90ac-40a350e0d700,2025-09-30,"Tabella 1.1 Programma GOL: prese in carico (totale e per anno) e individui raggiunti, ultima presa in carico per Regione, v.a. e val.%",Sicilia,65508.0,166012.0,194154.0,154833.0,580507.0,26.7,516390.0
67df9fe1-5aad-4110-90ac-40a350e0d700,2025-09-30,"Tabella 1.1 Programma GOL: prese in carico (totale e per anno) e individui raggiunti, ultima presa in carico per Regione, v.a. e val.%",Toscana,45124.0,84825.0,103549.0,85089.0,318587.0,26.7,268650.0
67df9fe1-5aad-4110-90ac-40a350e0d700,2025-09-30,"Tabella 1.1 Programma GOL: prese in carico (totale e per anno) e individui raggiunti, ultima presa in carico per Regione, v.a. e val.%",P.A. Trento,4892.0,8030.0,8091.0,6536.0,27549.0,23.7,26080.0
67df9fe1-5aad-4110-90ac-40a350e0d700,2025-09-30,"Tabella 1.1 Programma GOL: prese in carico (totale e per anno) e individui raggiunti, ultima presa in carico per Regione, v.a. e val.%",Umbria,11026.0,20278.0,21309.0,16373.0,68986.0,23.7,60323.0
67df9fe1-5aad-4110-90ac-40a350e0d700,2025-09-30,"Tabella 1.1 Programma GOL: prese in carico (totale e per anno) e individui raggiunti, ultima presa in carico per Regione, v.a. e val.%",Valle d'Aosta,1305.0,1934.0,2059.0,2255.0,7553.0,29.9,6621.0
67df9fe1-5aad-4110-90ac-40a350e0d700,2025-09-30,"Tabella 1.1 Programma GOL: prese in carico (totale e per anno) e individui raggiunti, ultima presa in carico per Regione, v.a. e val.%",Veneto,40691.0,116439.0,111563.0,84162.0,352855.0,23.9,305355.0
67df9fe1-5aad-4110-90ac-40a350e0d700,2025-09-30,"Tabella 1.1 Programma GOL: prese in carico (totale e per anno) e individui raggiunti, ultima presa in carico per Regione, v.a. e val.%",Totale,701895.0,1290696.0,1447497.0,1134431.0,4574519.0,24.8,4088044.0
75478f11-a78b-492b-9559-48016690a0d4,2025-05-31,"Tabella 1.1 Programma GOL: prese in carico (totale e per anno) e individui raggiunti, ultima presa in carico per Regione, v.a. e val.%",Abruzzo,9656.0,25236.0,24202.0,9996.0,69090.0,14.5,63468.0
75478f11-a78b-492b-9559-48016690a0d4,2025-05-31,"Tabella 1.1 Programma GOL: prese in carico (totale e per anno) e individui raggiunti, ultima presa in carico per Regione, v.a. e val.%",Basilicata,6499.0,13016.0,18764.0,7712.0,45991.0,16.8,40028.0
75478f11-a78b-492b-9559-48016690a0d4,2025-05-31,"Tabella 1.1 Programma GOL: prese in carico (totale e per anno) e individui raggiunti, ultima presa in carico per Regione, v.a. e val.%",P.A. Bolzano,2427.0,5880.0,5613.0,2228.0,16148.0,13.8,14518.0
75478f11-a78b-492b-9559-48016690a0d4,2025-05-31,"Tabella 1.1 Programma GOL: prese in carico (totale e per anno) e individui raggiunti, ultima presa in carico per Regione, v.a. e val.%",Calabria,28246.0,49079.0,63477.0,26528.0,167330.0,15.9,152803.0
75478f11-a78b-492b-9559-48016690a0d4,2025-05-31,"Tabella 1.1 Programma GOL: prese in carico (totale e per anno) e individui raggiunti, ultima presa in carico per Regione, v.a. e val.%",Campania,92375.0,166844.0,208378.0,64649.0,532246.0,12.1,476857.0
75478f11-a78b-492b-9559-48016690a0d4,2025-05-31,"Tabella 1.1 Programma GOL: prese in carico (totale e per anno) e individui raggiunti, ultima presa in carico per Regione, v.a. e val.%",Emilia-Romagna,44348.0,83869.0,89264.0,43168.0,260649.0,16.6,241735.0
75478f11-a78b-492b-9559-48016690a0d4,2025-05-31,"Tabella 1.1 Programma GOL: prese in carico (totale e per anno) e individui raggiunti, ultima presa in carico per Regione, v.a. e val.%",Friuli-Venezia Giulia,21693.0,39358.0,37727.0,13600.0,112378.0,12.1,97619.0
75478f11-a78b-492b-9559-48016690a0d4,2025-05-31,"Tabella 1.1 Programma GOL: prese in carico (totale e per anno) e individui raggiunti, ultima presa in carico per Regione, v.a. e val.%",Lazio,61770.0,79131.0,75323.0,29413.0,245637.0,12.0,235125.0
75478f11-a78b-492b-9559-48016690a0d4,2025-05-31,"Tabella 1.1 Programma GOL: prese in carico (totale e per anno) e individui raggiunti, ultima presa in carico per Regione, v.a. e val.%",Liguria,11822.0,21161.0,23499.0,8101.0,64583.0,12.5,60048.0
75478f11-a78b-492b-9559-48016690a0d4,2025-05-31,"Tabella 1.1 Programma GOL: prese in carico (totale e per anno) e individui raggiunti, ultima presa in carico per Regione, v.a. e val.%",Lombardia,78069.0,138077.0,165110.0,79175.0,460431.0,17.2,417446.0
75478f11-a78b-492b-9559-48016690a0d4,2025-05-31,"Tabella 1.1 Programma GOL: prese in carico (totale e per anno) e individui raggiunti, ultima presa in carico per Regione, v.a. e val.%",Marche,18469.0,36285.0,39306.0,14382.0,108442.0,13.3,96408.0
75478f11-a78b-492b-9559-48016690a0d4,2025-05-31,"Tabella 1.1 Programma GOL: prese in carico (totale e per anno) e individui raggiunti, ultima presa in carico per Regione, v.a. e val.%",Molise,1710.0,2665.0,4578.0,3235.0,12188.0,26.5,11244.0
75478f11-a78b-492b-9559-48016690a0d4,2025-05-31,"Tabella 1.1 Programma GOL: prese in carico (totale e per anno) e individui raggiunti, ultima presa in carico per Regione, v.a. e val.%",Piemonte,46775.0,73692.0,80801.0,45559.0,246827.0,18.5,224657.0
75478f11-a78b-492b-9559-48016690a0d4,2025-05-31,"Tabella 1.1 Programma GOL: prese in carico (totale e per anno) e individui raggiunti, ultima presa in carico per Regione, v.a. e val.%",Puglia,71271.0,102849.0,118210.0,50115.0,342445.0,14.6,324006.0
75478f11-a78b-492b-9559-48016690a0d4,2025-05-31,"Tabella 1.1 Programma GOL: prese in carico (totale e per anno) e individui raggiunti, ultima presa in carico per Regione, v.a. e val.%",Sardegna,38894.0,58985.0,53882.0,19022.0,170783.0,11.1,151503.0
75478f11-a78b-492b-9559-48016690a0d4,2025-05-31,"Tabella 1.1 Programma GOL: prese in carico (totale e per anno) e individui raggiunti, ultima presa in carico per Regione, v.a. e val.%",Sicilia,66212.0,168498.0,194395.0,66916.0,496021.0,13.5,456682.0
75478f11-a78b-492b-9559-48016690a0d4,2025-05-31,"Tabella 1.1 Programma GOL: prese in carico (totale e per anno) e individui raggiunti, ultima presa in carico per Regione, v.a. e val.%",Toscana,45345.0,84876.0,103485.0,46302.0,280008.0,16.5,239923.0
75478f11-a78b-492b-9559-48016690a0d4,2025-05-31,"Tabella 1.1 Programma GOL: prese in carico (totale e per anno) e individui raggiunti, ultima presa in carico per Regione, v.a. e val.%",P.A. Trento,4943.0,8031.0,8023.0,3824.0,24821.0,15.4,23944.0
75478f11-a78b-492b-9559-48016690a0d4,2025-05-31,"Tabella 1.1 Programma GOL: prese in carico (totale e per anno) e individui raggiunti, ultima presa in carico per Regione, v.a. e val.%",Umbria,11129.0,20371.0,21372.0,9014.0,61886.0,14.6,54821.0
75478f11-a78b-492b-9559-48016690a0d4,2025-05-31,"Tabella 1.1 Programma GOL: prese in carico (totale e per anno) e individui raggiunti, ultima presa in carico per Regione, v.a. e val.%",Valle d'Aosta,1292.0,1922.0,2057.0,1233.0,6504.0,19.0,5785.0
75478f11-a78b-492b-9559-48016690a0d4,2025-05-31,"Tabella 1.1 Programma GOL: prese in carico (totale e per anno) e individui raggiunti, ultima presa in carico per Regione, v.a. e val.%",Veneto,40558.0,115998.0,110822.0,44999.0,312377.0,14.4,273765.0
75478f11-a78b-492b-9559-48016690a0d4,2025-05-31,"Tabella 1.1 Programma GOL: prese in carico (totale e per anno) e individui raggiunti, ultima presa in carico per Regione, v.a. e val.%",Totale,703503.0,1295823.0,1448288.0,589171.0,4036785.0,14.6,3662385.0
7ee0bbb9-00a0-46ea-81bd-7b17a179590d,2025-01-31,"Tabella 1.1 Programma GOL: prese in carico (totale e per anno) e individui raggiunti, ultima presa in carico per Regione, v.a. e val. %",Abruzzo,9711.0,25277.0,24252.0,2444.0,61684.0,4.0,57185.0
7ee0bbb9-00a0-46ea-81bd-7b17a179590d,2025-01-31,"Tabella 1.1 Programma GOL: prese in carico (totale e per anno) e individui raggiunti, ultima presa in carico per Regione, v.a. e val. %",Basilicata,6602.0,13093.0,18894.0,2363.0,40952.0,5.8,35892.0
7ee0bbb9-00a0-46ea-81bd-7b17a179590d,2025-01-31,"Tabella 1.1 Programma GOL: prese in carico (totale e per anno) e individui raggiunti, ultima presa in carico per Regione, v.a. e val. %",P.A. Bolzano,2431.0,5867.0,5600.0,508.0,14406.0,3.5,13142.0
7ee0bbb9-00a0-46ea-81bd-7b17a179590d,2025-01-31,"Tabella 1.1 Programma GOL: prese in carico (totale e per anno) e individui raggiunti, ultima presa in carico per Regione, v.a. e val. %",Calabria,28236.0,48951.0,64204.0,4891.0,146282.0,3.3,134381.0
7ee0bbb9-00a0-46ea-81bd-7b17a179590d,2025-01-31,"Tabella 1.1 Programma GOL: prese in carico (totale e per anno) e individui raggiunti, ultima presa in carico per Regione, v.a. e val. %",Campania,93534.0,167689.0,208993.0,14534.0,484750.0,3.0,437648.0
7ee0bbb9-00a0-46ea-81bd-7b17a179590d,2025-01-31,"Tabella 1.1 Programma GOL: prese in carico (totale e per anno) e individui raggiunti, ultima presa in carico per Regione, v.a. e val. %",Emilia-Romagna,44421.0,84001.0,89311.0,9216.0,226949.0,4.1,215418.0
7ee0bbb9-00a0-46ea-81bd-7b17a179590d,2025-01-31,"Tabella 1.1 Programma GOL: prese in carico (totale e per anno) e individui raggiunti, ultima presa in carico per Regione, v.a. e val. %",Friuli-Venezia Giulia,21741.0,39411.0,37728.0,3282.0,102162.0,3.2,89384.0
7ee0bbb9-00a0-46ea-81bd-7b17a179590d,2025-01-31,"Tabella 1.1 Programma GOL: prese in carico (totale e per anno) e individui raggiunti, ultima presa in carico per Regione, v.a. e val. %",Lazio,61923.0,79202.0,75356.0,5582.0,222063.0,2.5,214342.0
7ee0bbb9-00a0-46ea-81bd-7b17a179590d,2025-01-31,"Tabella 1.1 Programma GOL: prese in carico (totale e per anno) e individui raggiunti, ultima presa in carico per Regione, v.a. e val. %",Liguria,11863.0,21133.0,22339.0,1013.0,56348.0,1.8,53085.0
7ee0bbb9-00a0-46ea-81bd-7b17a179590d,2025-01-31,"Tabella 1.1 Programma GOL: prese in carico (totale e per anno) e individui raggiunti, ultima presa in carico per Regione, v.a. e val. %",Lombardia,78452.0,138454.0,165441.0,16898.0,399245.0,4.2,366586.0
7ee0bbb9-00a0-46ea-81bd-7b17a179590d,2025-01-31,"Tabella 1.1 Programma GOL: prese in carico (totale e per anno) e individui raggiunti, ultima presa in carico per Regione, v.a. e val. %",Marche,18630.0,36434.0,39484.0,3343.0,97891.0,3.4,88374.0
7ee0bbb9-00a0-46ea-81bd-7b17a179590d,2025-01-31,"Tabella 1.1 Programma GOL: prese in carico (totale e per anno) e individui raggiunti, ultima presa in carico per Regione, v.a. e val. %",Molise,1712.0,2673.0,4579.0,575.0,9539.0,6.0,8951.0
7ee0bbb9-00a0-46ea-81bd-7b17a179590d,2025-01-31,"Tabella 1.1 Programma GOL: prese in carico (totale e per anno) e individui raggiunti, ultima presa in carico per Regione, v.a. e val. %",Piemonte,47024.0,73770.0,80886.0,8858.0,210538.0,4.2,195066.0
7ee0bbb9-00a0-46ea-81bd-7b17a179590d,2025-01-31,"Tabella 1.1 Programma GOL: prese in carico (totale e per anno) e individui raggiunti, ultima presa in carico per Regione, v.a. e val. %",Puglia,71796.0,103251.0,117905.0,11740.0,304692.0,3.9,289372.0
7ee0bbb9-00a0-46ea-81bd-7b17a179590d,2025-01-31,"Tabella 1.1 Programma GOL: prese in carico (totale e per anno) e individui raggiunti, ultima presa in carico per Regione, v.a. e val. %",Sardegna,39327.0,59368.0,54475.0,4389.0,157559.0,2.8,140554.0
7ee0bbb9-00a0-46ea-81bd-7b17a179590d,2025-01-31,"Tabella 1.1 Programma GOL: prese in carico (totale e per anno) e individui raggiunti, ultima presa in carico per Regione, v.a. e val. %",Sicilia,67443.0,169416.0,195026.0,15802.0,447687.0,3.5,414052.0
7ee0bbb9-00a0-46ea-81bd-7b17a179590d,2025-01-31,"Tabella 1.1 Programma GOL: prese in carico (totale e per anno) e individui raggiunti, ultima presa in carico per Regione, v.a. e val. %",Toscana,44389.0,83884.0,103415.0,11831.0,243519.0,4.9,214267.0
7ee0bbb9-00a0-46ea-81bd-7b17a179590d,2025-01-31,"Tabella 1.1 Programma GOL: prese in carico (totale e per anno) e individui raggiunti, ultima presa in carico per Regione, v.a. e val. %",P.A. Trento,4950.0,8049.0,8032.0,683.0,21714.0,3.1,21236.0
7ee0bbb9-00a0-46ea-81bd-7b17a179590d,2025-01-31,"Tabella 1.1 Programma GOL: prese in carico (totale e per anno) e individui raggiunti, ultima presa in carico per Regione, v.a. e val. %",Umbria,11339.0,20515.0,21448.0,2084.0,55386.0,3.8,49646.0
7ee0bbb9-00a0-46ea-81bd-7b17a179590d,2025-01-31,"Tabella 1.1 Programma GOL: prese in carico (totale e per anno) e individui raggiunti, ultima presa in carico per Regione, v.a. e val. %",Valle d'Aosta,1297.0,1930.0,2060.0,219.0,5506.0,4.0,5071.0
7ee0bbb9-00a0-46ea-81bd-7b17a179590d,2025-01-31,"Tabella 1.1 Programma GOL: prese in carico (totale e per anno) e individui raggiunti, ultima presa in carico per Regione, v.a. e val. %",Veneto,40551.0,115686.0,107550.0,9649.0,273436.0,3.5,243260.0
7ee0bbb9-00a0-46ea-81bd-7b17a179590d,2025-01-31,"Tabella 1.1 Programma GOL: prese in carico (totale e per anno) e individui raggiunti, ultima presa in carico per Regione, v.a. e val. %",Totale,707372.0,1298054.0,1446978.0,129904.0,3582308.0,3.6,3286912.0
a6f6264e-d6c1-4936-b974-c4060b337047,2025-02-28,"Tabella 1.1 Programma GOL: prese in carico (totale e per anno) e individui raggiunti, ultima presa in carico per Regione, v.a. e val. %",Abruzzo,9694.0,25261.0,24234.0,4698.0,63887.0,7.4,59013.0
a6f6264e-d6c1-4936-b974-c4060b337047,2025-02-28,"Tabella 1.1 Programma GOL: prese in carico (totale e per anno) e individui raggiunti, ultima presa in carico per Regione, v.a. e val. %",Basilicata,6584.0,13073.0,18885.0,3949.0,42491.0,9.3,37121.0
a6f6264e-d6c1-4936-b974-c4060b337047,2025-02-28,"Tabella 1.1 Programma GOL: prese in carico (totale e per anno) e individui raggiunti, ultima presa in carico per Regione, v.a. e val. %",P.A. Bolzano,2430.0,5871.0,5609.0,975.0,14885.0,6.6,13527.0
a6f6264e-d6c1-4936-b974-c4060b337047,2025-02-28,"Tabella 1.1 Programma GOL: prese in carico (totale e per anno) e individui raggiunti, ultima presa in carico per Regione, v.a. e val. %",Calabria,28235.0,48971.0,63803.0,9564.0,150573.0,6.4,138029.0
a6f6264e-d6c1-4936-b974-c4060b337047,2025-02-28,"Tabella 1.1 Programma GOL: prese in carico (totale e per anno) e individui raggiunti, ultima presa in carico per Regione, v.a. e val. %",Campania,93294.0,167484.0,208925.0,27423.0,497126.0,5.5,447378.0
a6f6264e-d6c1-4936-b974-c4060b337047,2025-02-28,"Tabella 1.1 Programma GOL: prese in carico (totale e per anno) e individui raggiunti, ultima presa in carico per Regione, v.a. e val. %",Emilia-Romagna,44391.0,83967.0,89298.0,18639.0,236295.0,7.9,222702.0
a6f6264e-d6c1-4936-b974-c4060b337047,2025-02-28,"Tabella 1.1 Programma GOL: prese in carico (totale e per anno) e individui raggiunti, ultima presa in carico per Regione, v.a. e val. %",Friuli-Venezia Giulia,21740.0,39384.0,37719.0,6321.0,105164.0,6.0,91834.0
a6f6264e-d6c1-4936-b974-c4060b337047,2025-02-28,"Tabella 1.1 Programma GOL: prese in carico (totale e per anno) e individui raggiunti, ultima presa in carico per Regione, v.a. e val. %",Lazio,61900.0,79189.0,75350.0,11930.0,228369.0,5.2,219860.0
a6f6264e-d6c1-4936-b974-c4060b337047,2025-02-28,"Tabella 1.1 Programma GOL: prese in carico (totale e per anno) e individui raggiunti, ultima presa in carico per Regione, v.a. e val. %",Liguria,11864.0,21184.0,22836.0,3115.0,58999.0,5.3,55247.0
a6f6264e-d6c1-4936-b974-c4060b337047,2025-02-28,"Tabella 1.1 Programma GOL: prese in carico (totale e per anno) e individui raggiunti, ultima presa in carico per Regione, v.a. e val. %",Lombardia,78361.0,138341.0,165352.0,32123.0,414177.0,7.8,378896.0
a6f6264e-d6c1-4936-b974-c4060b337047,2025-02-28,"Tabella 1.1 Programma GOL: prese in carico (totale e per anno) e individui raggiunti, ultima presa in carico per Regione, v.a. e val. %",Marche,18597.0,36405.0,39448.0,6513.0,100963.0,6.5,90644.0
a6f6264e-d6c1-4936-b974-c4060b337047,2025-02-28,"Tabella 1.1 Programma GOL: prese in carico (totale e per anno) e individui raggiunti, ultima presa in carico per Regione, v.a. e val. %",Molise,1712.0,2672.0,4583.0,1254.0,10221.0,12.3,9533.0
a6f6264e-d6c1-4936-b974-c4060b337047,2025-02-28,"Tabella 1.1 Programma GOL: prese in carico (totale e per anno) e individui raggiunti, ultima presa in carico per Regione, v.a. e val. %",Piemonte,46981.0,73758.0,80876.0,18458.0,220073.0,8.4,202853.0
a6f6264e-d6c1-4936-b974-c4060b337047,2025-02-28,"Tabella 1.1 Programma GOL: prese in carico (totale e per anno) e individui raggiunti, ultima presa in carico per Regione, v.a. e val. %",Puglia,71716.0,103193.0,118002.0,22330.0,315241.0,7.1,298652.0
a6f6264e-d6c1-4936-b974-c4060b337047,2025-02-28,"Tabella 1.1 Programma GOL: prese in carico (totale e per anno) e individui raggiunti, ultima presa in carico per Regione, v.a. e val. %",Sardegna,39240.0,59260.0,54347.0,8320.0,161167.0,5.2,143332.0
a6f6264e-d6c1-4936-b974-c4060b337047,2025-02-28,"Tabella 1.1 Programma GOL: prese in carico (totale e per anno) e individui raggiunti, ultima presa in carico per Regione, v.a. e val. %",Sicilia,67226.0,169219.0,194992.0,30936.0,462373.0,6.7,426447.0
a6f6264e-d6c1-4936-b974-c4060b337047,2025-02-28,"Tabella 1.1 Programma GOL: prese in carico (totale e per anno) e individui raggiunti, ultima presa in carico per Regione, v.a. e val. %",Toscana,45469.0,85111.0,103721.0,22260.0,256561.0,8.7,221895.0
a6f6264e-d6c1-4936-b974-c4060b337047,2025-02-28,"Tabella 1.1 Programma GOL: prese in carico (totale e per anno) e individui raggiunti, ultima presa in carico per Regione, v.a. e val. %",P.A. Trento,4945.0,8047.0,8030.0,1507.0,22529.0,6.7,21966.0
a6f6264e-d6c1-4936-b974-c4060b337047,2025-02-28,"Tabella 1.1 Programma GOL: prese in carico (totale e per anno) e individui raggiunti, ultima presa in carico per Regione, v.a. e val. %",Umbria,11314.0,20495.0,21431.0,4140.0,57380.0,7.2,51149.0
a6f6264e-d6c1-4936-b974-c4060b337047,2025-02-28,"Tabella 1.1 Programma GOL: prese in carico (totale e per anno) e individui raggiunti, ultima presa in carico per Regione, v.a. e val. %",Valle d'Aosta,1297.0,1927.0,2057.0,470.0,5751.0,8.2,5236.0
a6f6264e-d6c1-4936-b974-c4060b337047,2025-02-28,"Tabella 1.1 Programma GOL: prese in carico (totale e per anno) e individui raggiunti, ultima presa in carico per Regione, v.a. e val. %",Veneto,40654.0,116101.0,110512.0,19761.0,287028.0,6.9,254343.0
a6f6264e-d6c1-4936-b974-c4060b337047,2025-02-28,"Tabella 1.1 Programma GOL: prese in carico (totale e per anno) e individui raggiunti, ultima presa in carico per Regione, v.a. e val. %",Totale,707644.0,1298913.0,1450010.0,254686.0,3711253.0,6.9,3389657.0
cc0c4fd8-2feb-4f90-8c6d-339383a25091,2024-06-30,"Tabella 1.1 Programma GOL: prese in carico (totale e per anno*) e individui raggiunti per Regione, v.a. e v. %",Abruzzo,9634.0,25344.0,9991.0,,44969.0,22.2,43676.0
cc0c4fd8-2feb-4f90-8c6d-339383a25091,2024-06-30,"Tabella 1.1 Programma GOL: prese in carico (totale e per anno*) e individui raggiunti per Regione, v.a. e v. %",Basilicata,6588.0,13167.0,6438.0,,26193.0,24.6,24566.0
cc0c4fd8-2feb-4f90-8c6d-339383a25091,2024-06-30,"Tabella 1.1 Programma GOL: prese in carico (totale e per anno*) e individui raggiunti per Regione, v.a. e v. %",P.A. Bolzano,2031.0,6002.0,3389.0,,11422.0,29.7,10633.0
cc0c4fd8-2feb-4f90-8c6d-339383a25091,2024-06-30,"Tabella 1.1 Programma GOL: prese in carico (totale e per anno*) e individui raggiunti per Regione, v.a. e v. %",Calabria,28892.0,49793.0,27554.0,,106239.0,25.9,100939.0
cc0c4fd8-2feb-4f90-8c6d-339383a25091,2024-06-30,"Tabella 1.1 Programma GOL: prese in carico (totale e per anno*) e individui raggiunti per Regione, v.a. e v. %",Campania,92502.0,167993.0,91183.0,,351678.0,25.9,338685.0
cc0c4fd8-2feb-4f90-8c6d-339383a25091,2024-06-30,"Tabella 1.1 Programma GOL: prese in carico (totale e per anno*) e individui raggiunti per Regione, v.a. e v. %",Emilia-Romagna,44363.0,83822.0,45771.0,,173956.0,26.3,171599.0
cc0c4fd8-2feb-4f90-8c6d-339383a25091,2024-06-30,"Tabella 1.1 Programma GOL: prese in carico (totale e per anno*) e individui raggiunti per Regione, v.a. e v. %",Friuli-Venezia Giulia,16758.0,36449.0,17893.0,,71100.0,25.2,68635.0
cc0c4fd8-2feb-4f90-8c6d-339383a25091,2024-06-30,"Tabella 1.1 Programma GOL: prese in carico (totale e per anno*) e individui raggiunti per Regione, v.a. e v. %",Lazio,61227.0,79066.0,39051.0,,179344.0,21.8,176543.0
cc0c4fd8-2feb-4f90-8c6d-339383a25091,2024-06-30,"Tabella 1.1 Programma GOL: prese in carico (totale e per anno*) e individui raggiunti per Regione, v.a. e v. %",Liguria,11326.0,21021.0,10302.0,,42649.0,24.2,41841.0
cc0c4fd8-2feb-4f90-8c6d-339383a25091,2024-06-30,"Tabella 1.1 Programma GOL: prese in carico (totale e per anno*) e individui raggiunti per Regione, v.a. e v. %",Lombardia,76543.0,137986.0,82851.0,,297380.0,27.9,284604.0
cc0c4fd8-2feb-4f90-8c6d-339383a25091,2024-06-30,"Tabella 1.1 Programma GOL: prese in carico (totale e per anno*) e individui raggiunti per Regione, v.a. e v. %",Marche,18127.0,36287.0,20975.0,,75389.0,27.8,71726.0
cc0c4fd8-2feb-4f90-8c6d-339383a25091,2024-06-30,"Tabella 1.1 Programma GOL: prese in carico (totale e per anno*) e individui raggiunti per Regione, v.a. e v. %",Molise,1698.0,2666.0,2522.0,,6886.0,36.6,6655.0
cc0c4fd8-2feb-4f90-8c6d-339383a25091,2024-06-30,"Tabella 1.1 Programma GOL: prese in carico (totale e per anno*) e individui raggiunti per Regione, v.a. e v. %",Piemonte,46423.0,73637.0,41890.0,,161950.0,25.9,155285.0
cc0c4fd8-2feb-4f90-8c6d-339383a25091,2024-06-30,"Tabella 1.1 Programma GOL: prese in carico (totale e per anno*) e individui raggiunti per Regione, v.a. e v. %",Puglia,70129.0,102336.0,55363.0,,227828.0,24.3,222358.0
cc0c4fd8-2feb-4f90-8c6d-339383a25091,2024-06-30,"Tabella 1.1 Programma GOL: prese in carico (totale e per anno*) e individui raggiunti per Regione, v.a. e v. %",Sardegna,37199.0,59875.0,28168.0,,125242.0,22.5,118941.0
cc0c4fd8-2feb-4f90-8c6d-339383a25091,2024-06-30,"Tabella 1.1 Programma GOL: prese in carico (totale e per anno*) e individui raggiunti per Regione, v.a. e v. %",Sicilia,66236.0,169668.0,95593.0,,331497.0,28.8,319580.0
cc0c4fd8-2feb-4f90-8c6d-339383a25091,2024-06-30,"Tabella 1.1 Programma GOL: prese in carico (totale e per anno*) e individui raggiunti per Regione, v.a. e v. %",Toscana,45072.0,84773.0,45738.0,,175583.0,26.0,162666.0
cc0c4fd8-2feb-4f90-8c6d-339383a25091,2024-06-30,"Tabella 1.1 Programma GOL: prese in carico (totale e per anno*) e individui raggiunti per Regione, v.a. e v. %",P.A. Trento,4960.0,8045.0,4116.0,,17121.0,24.0,16973.0
cc0c4fd8-2feb-4f90-8c6d-339383a25091,2024-06-30,"Tabella 1.1 Programma GOL: prese in carico (totale e per anno*) e individui raggiunti per Regione, v.a. e v. %",Umbria,10817.0,20312.0,8318.0,,39447.0,21.1,38146.0
cc0c4fd8-2feb-4f90-8c6d-339383a25091,2024-06-30,"Tabella 1.1 Programma GOL: prese in carico (totale e per anno*) e individui raggiunti per Regione, v.a. e v. %",Valle d'Aosta,1268.0,1916.0,928.0,,4112.0,22.6,4012.0
cc0c4fd8-2feb-4f90-8c6d-339383a25091,2024-06-30,"Tabella 1.1 Programma GOL: prese in carico (totale e per anno*) e individui raggiunti per Regione, v.a. e v. %",Veneto,38763.0,112796.0,53664.0,,205223.0,26.1,192824.0
cc0c4fd8-2feb-4f90-8c6d-339383a25091,2024-06-30,"Tabella 1.1 Programma GOL: prese in carico (totale e per anno*) e individui raggiunti per Regione, v.a. e v. %",Totale,690556.0,1292954.0,691698.0,,2675208.0,25.9,2570887.0
d6dfd94a-ff5e-466f-8c06-2787334333c0,2025-12-31,"Tabella 1.1 Programma GOL: prese in carico (totale e per anno) e individui raggiunti, ultima presa in carico per Regione, v.a. e v. %",Abruzzo,9585.0,25210.0,24190.0,20946.0,79931.0,26.2,71929.0
d6dfd94a-ff5e-466f-8c06-2787334333c0,2025-12-31,"Tabella 1.1 Programma GOL: prese in carico (totale e per anno) e individui raggiunti, ultima presa in carico per Regione, v.a. e v. %",Basilicata,6311.0,12748.0,18701.0,18973.0,56733.0,33.4,47703.0
d6dfd94a-ff5e-466f-8c06-2787334333c0,2025-12-31,"Tabella 1.1 Programma GOL: prese in carico (totale e per anno) e individui raggiunti, ultima presa in carico per Regione, v.a. e v. %",P.A. Bolzano,2420.0,5868.0,5604.0,4832.0,18724.0,25.8,16514.0
d6dfd94a-ff5e-466f-8c06-2787334333c0,2025-12-31,"Tabella 1.1 Programma GOL: prese in carico (totale e per anno) e individui raggiunti, ultima presa in carico per Regione, v.a. e v. %",Calabria,29084.0,49699.0,63383.0,59333.0,201499.0,29.4,178746.0
d6dfd94a-ff5e-466f-8c06-2787334333c0,2025-12-31,"Tabella 1.1 Programma GOL: prese in carico (totale e per anno) e individui raggiunti, ultima presa in carico per Regione, v.a. e v. %",Campania,91061.0,164641.0,207304.0,174145.0,637151.0,27.3,554450.0
d6dfd94a-ff5e-466f-8c06-2787334333c0,2025-12-31,"Tabella 1.1 Programma GOL: prese in carico (totale e per anno) e individui raggiunti, ultima presa in carico per Regione, v.a. e v. %",Emilia-Romagna,44353.0,83998.0,89383.0,94894.0,312628.0,30.4,281586.0
d6dfd94a-ff5e-466f-8c06-2787334333c0,2025-12-31,"Tabella 1.1 Programma GOL: prese in carico (totale e per anno) e individui raggiunti, ultima presa in carico per Regione, v.a. e v. %",Friuli-Venezia Giulia,21547.0,39253.0,37691.0,33819.0,132310.0,25.6,111538.0
d6dfd94a-ff5e-466f-8c06-2787334333c0,2025-12-31,"Tabella 1.1 Programma GOL: prese in carico (totale e per anno) e individui raggiunti, ultima presa in carico per Regione, v.a. e v. %",Lazio,61540.0,78848.0,75267.0,93919.0,309574.0,30.3,289903.0
d6dfd94a-ff5e-466f-8c06-2787334333c0,2025-12-31,"Tabella 1.1 Programma GOL: prese in carico (totale e per anno) e individui raggiunti, ultima presa in carico per Regione, v.a. e v. %",Liguria,11873.0,21301.0,24104.0,19373.0,76651.0,25.3,69977.0
d6dfd94a-ff5e-466f-8c06-2787334333c0,2025-12-31,"Tabella 1.1 Programma GOL: prese in carico (totale e per anno) e individui raggiunti, ultima presa in carico per Regione, v.a. e v. %",Lombardia,76875.0,136796.0,164199.0,242903.0,620773.0,39.1,547768.0
d6dfd94a-ff5e-466f-8c06-2787334333c0,2025-12-31,"Tabella 1.1 Programma GOL: prese in carico (totale e per anno) e individui raggiunti, ultima presa in carico per Regione, v.a. e v. %",Marche,18604.0,36245.0,39294.0,36193.0,130336.0,27.8,111440.0
d6dfd94a-ff5e-466f-8c06-2787334333c0,2025-12-31,"Tabella 1.1 Programma GOL: prese in carico (totale e per anno) e individui raggiunti, ultima presa in carico per Regione, v.a. e v. %",Molise,1683.0,2639.0,4563.0,8035.0,16920.0,47.5,15188.0
d6dfd94a-ff5e-466f-8c06-2787334333c0,2025-12-31,"Tabella 1.1 Programma GOL: prese in carico (totale e per anno) e individui raggiunti, ultima presa in carico per Regione, v.a. e v. %",Piemonte,46295.0,73483.0,80663.0,107616.0,308057.0,34.9,273770.0
d6dfd94a-ff5e-466f-8c06-2787334333c0,2025-12-31,"Tabella 1.1 Programma GOL: prese in carico (totale e per anno) e individui raggiunti, ultima presa in carico per Regione, v.a. e v. %",Puglia,70869.0,102424.0,118423.0,141134.0,432850.0,32.6,400901.0
d6dfd94a-ff5e-466f-8c06-2787334333c0,2025-12-31,"Tabella 1.1 Programma GOL: prese in carico (totale e per anno) e individui raggiunti, ultima presa in carico per Regione, v.a. e v. %",Sardegna,41431.0,58302.0,52484.0,55556.0,207773.0,26.7,176814.0
d6dfd94a-ff5e-466f-8c06-2787334333c0,2025-12-31,"Tabella 1.1 Programma GOL: prese in carico (totale e per anno) e individui raggiunti, ultima presa in carico per Regione, v.a. e v. %",Sicilia,66213.0,165273.0,193564.0,223476.0,648526.0,34.5,561914.0
d6dfd94a-ff5e-466f-8c06-2787334333c0,2025-12-31,"Tabella 1.1 Programma GOL: prese in carico (totale e per anno) e individui raggiunti, ultima presa in carico per Regione, v.a. e v. %",Toscana,44988.0,84698.0,103852.0,118046.0,351584.0,33.6,290131.0
d6dfd94a-ff5e-466f-8c06-2787334333c0,2025-12-31,"Tabella 1.1 Programma GOL: prese in carico (totale e per anno) e individui raggiunti, ultima presa in carico per Regione, v.a. e v. %",P.A. Trento,4927.0,8170.0,8405.0,9330.0,30832.0,30.3,28213.0
d6dfd94a-ff5e-466f-8c06-2787334333c0,2025-12-31,"Tabella 1.1 Programma GOL: prese in carico (totale e per anno) e individui raggiunti, ultima presa in carico per Regione, v.a. e v. %",Umbria,11057.0,20290.0,21198.0,23700.0,76245.0,31.1,65465.0
d6dfd94a-ff5e-466f-8c06-2787334333c0,2025-12-31,"Tabella 1.1 Programma GOL: prese in carico (totale e per anno) e individui raggiunti, ultima presa in carico per Regione, v.a. e v. %",Valle d'Aosta,1311.0,1935.0,2058.0,3144.0,8448.0,37.2,7332.0
d6dfd94a-ff5e-466f-8c06-2787334333c0,2025-12-31,"Tabella 1.1 Programma GOL: prese in carico (totale e per anno) e individui raggiunti, ultima presa in carico per Regione, v.a. e v. %",Veneto,40788.0,116534.0,111477.0,112190.0,380989.0,29.4,325161.0
d6dfd94a-ff5e-466f-8c06-2787334333c0,2025-12-31,"Tabella 1.1 Programma GOL: prese in carico (totale e per anno) e individui raggiunti, ultima presa in carico per Regione, v.a. e v. %",Totale,702815.0,1288355.0,1445807.0,1601557.0,5038534.0,31.8,4426443.0
f575e60b-9323-409f-8d8d-5b931448bd29,2025-04-30,"Tabella 1.1 Programma GOL: prese in carico (totale e per anno) e individui raggiunti per Regione, v.a. e val.%",Abruzzo,9667.0,25243.0,24203.0,8332.0,67445.0,12.4,62077.0
f575e60b-9323-409f-8d8d-5b931448bd29,2025-04-30,"Tabella 1.1 Programma GOL: prese in carico (totale e per anno) e individui raggiunti per Regione, v.a. e val.%",Basilicata,6514.0,13036.0,18781.0,6391.0,44722.0,14.3,39011.0
f575e60b-9323-409f-8d8d-5b931448bd29,2025-04-30,"Tabella 1.1 Programma GOL: prese in carico (totale e per anno) e individui raggiunti per Regione, v.a. e val.%",P.A. Bolzano,2426.0,5884.0,5617.0,1830.0,15757.0,11.6,14205.0
f575e60b-9323-409f-8d8d-5b931448bd29,2025-04-30,"Tabella 1.1 Programma GOL: prese in carico (totale e per anno) e individui raggiunti per Regione, v.a. e val.%",Calabria,28307.0,49110.0,63534.0,22048.0,162999.0,13.5,149019.0
f575e60b-9323-409f-8d8d-5b931448bd29,2025-04-30,"Tabella 1.1 Programma GOL: prese in carico (totale e per anno) e individui raggiunti per Regione, v.a. e val.%",Campania,92547.0,167149.0,208478.0,51829.0,520003.0,10.0,466868.0
f575e60b-9323-409f-8d8d-5b931448bd29,2025-04-30,"Tabella 1.1 Programma GOL: prese in carico (totale e per anno) e individui raggiunti per Regione, v.a. e val.%",Emilia-Romagna,44362.0,83885.0,89269.0,35726.0,253242.0,14.1,235956.0
f575e60b-9323-409f-8d8d-5b931448bd29,2025-04-30,"Tabella 1.1 Programma GOL: prese in carico (totale e per anno) e individui raggiunti per Regione, v.a. e val.%",Friuli-Venezia Giulia,21702.0,39368.0,37733.0,11295.0,110098.0,10.3,95825.0
f575e60b-9323-409f-8d8d-5b931448bd29,2025-04-30,"Tabella 1.1 Programma GOL: prese in carico (totale e per anno) e individui raggiunti per Regione, v.a. e val.%",Lazio,61786.0,79138.0,75329.0,23641.0,239894.0,9.9,230022.0
f575e60b-9323-409f-8d8d-5b931448bd29,2025-04-30,"Tabella 1.1 Programma GOL: prese in carico (totale e per anno) e individui raggiunti per Regione, v.a. e val.%",Liguria,11820.0,21158.0,23340.0,6515.0,62833.0,10.4,58513.0
f575e60b-9323-409f-8d8d-5b931448bd29,2025-04-30,"Tabella 1.1 Programma GOL: prese in carico (totale e per anno) e individui raggiunti per Regione, v.a. e val.%",Lombardia,78148.0,138172.0,165194.0,63646.0,445160.0,14.3,405095.0
f575e60b-9323-409f-8d8d-5b931448bd29,2025-04-30,"Tabella 1.1 Programma GOL: prese in carico (totale e per anno) e individui raggiunti per Regione, v.a. e val.%",Marche,18492.0,36297.0,39324.0,11894.0,106007.0,11.2,94614.0
f575e60b-9323-409f-8d8d-5b931448bd29,2025-04-30,"Tabella 1.1 Programma GOL: prese in carico (totale e per anno) e individui raggiunti per Regione, v.a. e val.%",Molise,1710.0,2668.0,4580.0,2625.0,11583.0,22.7,10734.0
f575e60b-9323-409f-8d8d-5b931448bd29,2025-04-30,"Tabella 1.1 Programma GOL: prese in carico (totale e per anno) e individui raggiunti per Regione, v.a. e val.%",Piemonte,46822.0,73707.0,80811.0,37084.0,238424.0,15.6,217864.0
f575e60b-9323-409f-8d8d-5b931448bd29,2025-04-30,"Tabella 1.1 Programma GOL: prese in carico (totale e per anno) e individui raggiunti per Regione, v.a. e val.%",Puglia,71334.0,102917.0,118166.0,40610.0,333027.0,12.2,315278.0
f575e60b-9323-409f-8d8d-5b931448bd29,2025-04-30,"Tabella 1.1 Programma GOL: prese in carico (totale e per anno) e individui raggiunti per Regione, v.a. e val.%",Sardegna,38951.0,59040.0,54035.0,15589.0,167615.0,9.3,148854.0
f575e60b-9323-409f-8d8d-5b931448bd29,2025-04-30,"Tabella 1.1 Programma GOL: prese in carico (totale e per anno) e individui raggiunti per Regione, v.a. e val.%",Sicilia,66373.0,168693.0,194437.0,54372.0,483875.0,11.2,446451.0
f575e60b-9323-409f-8d8d-5b931448bd29,2025-04-30,"Tabella 1.1 Programma GOL: prese in carico (totale e per anno) e individui raggiunti per Regione, v.a. e val.%",Toscana,45387.0,84932.0,103541.0,38917.0,272777.0,14.3,234529.0
f575e60b-9323-409f-8d8d-5b931448bd29,2025-04-30,"Tabella 1.1 Programma GOL: prese in carico (totale e per anno) e individui raggiunti per Regione, v.a. e val.%",P.A. Trento,4943.0,8034.0,8027.0,3138.0,24142.0,13.0,23367.0
f575e60b-9323-409f-8d8d-5b931448bd29,2025-04-30,"Tabella 1.1 Programma GOL: prese in carico (totale e per anno) e individui raggiunti per Regione, v.a. e val.%",Umbria,11150.0,20387.0,21377.0,7472.0,60386.0,12.4,53622.0
f575e60b-9323-409f-8d8d-5b931448bd29,2025-04-30,"Tabella 1.1 Programma GOL: prese in carico (totale e per anno) e individui raggiunti per Regione, v.a. e val.%",Valle d'Aosta,1292.0,1923.0,2057.0,974.0,6246.0,15.6,5590.0
f575e60b-9323-409f-8d8d-5b931448bd29,2025-04-30,"Tabella 1.1 Programma GOL: prese in carico (totale e per anno) e individui raggiunti per Regione, v.a. e val.%",Veneto,40575.0,115970.0,110470.0,36390.0,303405.0,12.0,266958.0
f575e60b-9323-409f-8d8d-5b931448bd29,2025-04-30,"Tabella 1.1 Programma GOL: prese in carico (totale e per anno) e individui raggiunti per Regione, v.a. e val.%",Totale,704308.0,1296711.0,1448303.0,480318.0,3929640.0,12.2,3574452.0
